,index,Name,voltage,Site Code,Site Name,Voltage (kV),Region,Full Name
0,0,ABTH12,132.0,ABTH,ABERTHAW,132.0,nget,ABERTHAW 132.0kV
1,1,ABTH13,132.0,ABTH,ABERTHAW,132.0,nget,ABERTHAW 132.0kV
2,2,ABTH11,132.0,ABTH,ABERTHAW,132.0,nget,ABERTHAW 132.0kV
3,3,ABTH21,275.0,ABTH,ABERTHAW,275.0,nget,ABERTHAW 275.0kV
4,4,ABHA4B,400.0,ABHA,ABHAM,400.0,nget,ABHAM 400.0kV
5,5,ABHA4A,400.0,ABHA,ABHAM,400.0,nget,ABHAM 400.0kV
6,6,ABHA12,132.0,ABHA,ABHAM,132.0,nget,ABHAM 132.0kV
7,7,ABHA11,132.0,ABHA,ABHAM,132.0,nget,ABHAM 132.0kV
8,8,ALDW32,33.0,ALDW,ALDWARKE,33.0,nget,ALDWARKE 33.0kV
9,9,ALDW31,33.0,ALDW,ALDWARKE,33.0,nget,ALDWARKE 33.0kV
10,10,ALDW21,275.0,ALDW,ALDWARKE,275.0,nget,ALDWARKE 275.0kV
11,11,ALST31,33.0,ALST,ALPHA STEEL,33.0,nget,ALPHA STEEL 33.0kV
12,12,ALST32,33.0,ALST,ALPHA STEEL,33.0,nget,ALPHA STEEL 33.0kV
13,13,ALVE4B,400.0,ALVE,ALVERDISCOTT,400.0,nget,ALVERDISCOTT 400.0kV
14,14,ALVE11,132.0,ALVE,ALVERDISCOTT,132.0,nget,ALVERDISCOTT 132.0kV
15,15,ALVE4A,400.0,ALVE,ALVERDISCOTT,400.0,nget,ALVERDISCOTT 400.0kV
16,16,AMEM4A,400.0,AMEM,AMERSHAM MAIN,400.0,nget,AMERSHAM MAIN 400.0kV
17,17,AMEM4B,400.0,AMEM,AMERSHAM MAIN,400.0,nget,AMERSHAM MAIN 400.0kV
18,18,AMEM11,132.0,AMEM,AMERSHAM MAIN,132.0,nget,AMERSHAM MAIN 132.0kV
19,19,AXMI41,400.0,AXMI,AXMINSTER,400.0,nget,AXMINSTER 400.0kV
20,20,AXMI11,132.0,AXMI,AXMINSTER,132.0,nget,AXMINSTER 132.0kV
21,21,BAGB21,275.0,BAGB,BAGLAN BAY,275.0,nget,BAGLAN BAY 275.0kV
22,22,BARK21,275.0,BARK,BARKING,275.0,nget,BARKING 275.0kV
23,23,BARK22,275.0,BARK,BARKING,275.0,nget,BARKING 275.0kV
24,24,BARK11,132.0,BARK,BARKING,132.0,nget,BARKING 132.0kV
25,25,BARK41,400.0,BARK,BARKING,400.0,nget,BARKING 400.0kV
26,26,BARW32,33.0,BARW,BARKING WEST,33.0,nget,BARKING WEST 33.0kV
27,27,BARW31,33.0,BARW,BARKING WEST,33.0,nget,BARKING WEST 33.0kV
28,28,BEDD11,132.0,BEDD,BEDDINGTON,132.0,nget,BEDDINGTON 132.0kV
29,29,BEDD12,132.0,BEDD,BEDDINGTON,132.0,nget,BEDDINGTON 132.0kV
30,30,BEDD23,275.0,BEDD,BEDDINGTON,275.0,nget,BEDDINGTON 275.0kV
31,31,BEDD21,275.0,BEDD,BEDDINGTON,275.0,nget,BEDDINGTON 275.0kV
32,32,BEDD22,275.0,BEDD,BEDDINGTON,275.0,nget,BEDDINGTON 275.0kV
33,33,BEDD4A,400.0,BEDD,BEDDINGTON,400.0,nget,BEDDINGTON 400.0kV
34,34,BEDD4B,400.0,BEDD,BEDDINGTON,400.0,nget,BEDDINGTON 400.0kV
35,35,BEDT1B,132.0,BEDT,BEDDINGTON TEE,132.0,nget,BEDDINGTON TEE 132.0kV
36,36,BEDT1A,132.0,BEDT,BEDDINGTON TEE,132.0,nget,BEDDINGTON TEE 132.0kV
37,37,BENR11,132.0,BENR,BENGEWORTH ROAD,132.0,nget,BENGEWORTH ROAD 132.0kV
38,38,BENR41,400.0,BENR,BENGEWORTH ROAD,400.0,nget,BENGEWORTH ROAD 400.0kV
39,39,BESW12,132.0,BESW,BERKSWELL,132.0,nget,BERKSWELL 132.0kV
40,40,BESW21,275.0,BESW,BERKSWELL,275.0,nget,BERKSWELL 275.0kV
41,41,BESW11,132.0,BESW,BERKSWELL,132.0,nget,BERKSWELL 132.0kV
42,42,BICF11,132.0,BICF,BICKER FEN,132.0,nget,BICKER FEN 132.0kV
43,43,BICF41,400.0,BICF,BICKER FEN,400.0,nget,BICKER FEN 400.0kV
44,44,BIRK11,132.0,BIRK,BIRKENHEAD,132.0,nget,BIRKENHEAD 132.0kV
45,45,BIRK21,275.0,BIRK,BIRKENHEAD,275.0,nget,BIRKENHEAD 275.0kV
46,46,BISW11,132.0,BISW,BISHOPS WOOD,132.0,nget,BISHOPS WOOD 132.0kV
47,47,BISW21,275.0,BISW,BISHOPS WOOD,275.0,nget,BISHOPS WOOD 275.0kV
48,48,BLYT22,275.0,BLYT,BLYTH,275.0,nget,BLYTH 275.0kV
49,49,BLYT23,275.0,BLYT,BLYTH,275.0,nget,BLYTH 275.0kV
50,50,BLYT61,66.0,BLYT,BLYTH,66.0,nget,BLYTH 66.0kV
51,51,BLYT1A,132.0,BLYT,BLYTH,132.0,nget,BLYTH 132.0kV
52,52,BLYT1B,132.0,BLYT,BLYTH,132.0,nget,BLYTH 132.0kV
53,53,BLYT41,400.0,BLYT,BLYTH,400.0,nget,BLYTH 400.0kV
54,54,BLYT21,275.0,BLYT,BLYTH,275.0,nget,BLYTH 275.0kV
55,55,BODE41,400.0,BODE,BODELWYDDAN,400.0,nget,BODELWYDDAN 400.0kV
56,56,BOLN12,132.0,BOLN,BOLNEY,132.0,nget,BOLNEY 132.0kV
57,57,BOLN11,132.0,BOLN,BOLNEY,132.0,nget,BOLNEY 132.0kV
58,58,BOLN41,400.0,BOLN,BOLNEY,400.0,nget,BOLNEY 400.0kV
59,59,BOTW11,132.0,BOTW,BOTLEY WOOD,132.0,nget,BOTLEY WOOD 132.0kV
60,60,BOTW41,400.0,BOTW,BOTLEY WOOD,400.0,nget,BOTLEY WOOD 400.0kV
61,61,BRAW4A,400.0,BRAW,BRADFORD WEST,400.0,nget,BRADFORD WEST 400.0kV
62,62,BRAW12,132.0,BRAW,BRADFORD WEST,132.0,nget,BRADFORD WEST 132.0kV
63,63,BRAW11,132.0,BRAW,BRADFORD WEST,132.0,nget,BRADFORD WEST 132.0kV
64,64,BRAW21,275.0,BRAW,BRADFORD WEST,275.0,nget,BRADFORD WEST 275.0kV
65,65,BRAI4B,400.0,BRAI,BRAINTREE,400.0,nget,BRAINTREE 400.0kV
66,66,BRAI11,132.0,BRAI,BRAINTREE,132.0,nget,BRAINTREE 132.0kV
67,67,BRAI4A,400.0,BRAI,BRAINTREE,400.0,nget,BRAINTREE 400.0kV
68,68,BRFO12,132.0,BRFO,BRAMFORD,132.0,nget,BRAMFORD 132.0kV
69,69,BRFO41,400.0,BRFO,BRAMFORD,400.0,nget,BRAMFORD 400.0kV
70,70,BRFO42,400.0,BRFO,BRAMFORD,400.0,nget,BRAMFORD 400.0kV
71,71,BRFO11,132.0,BRFO,BRAMFORD,132.0,nget,BRAMFORD 132.0kV
72,72,BRLE13,132.0,BRLE,BRAMLEY,132.0,nget,BRAMLEY 132.0kV
73,73,BRLE1A,132.0,BRLE,BRAMLEY,132.0,nget,BRAMLEY 132.0kV
74,74,BRLE12,132.0,BRLE,BRAMLEY,132.0,nget,BRAMLEY 132.0kV
75,75,BRLE11,132.0,BRLE,BRAMLEY,132.0,nget,BRAMLEY 132.0kV
76,76,BRLE41,400.0,BRLE,BRAMLEY,400.0,nget,BRAMLEY 400.0kV
77,77,BRLE1B,132.0,BRLE,BRAMLEY,132.0,nget,BRAMLEY 132.0kV
78,78,BRLE14,132.0,BRLE,BRAMLEY,132.0,nget,BRAMLEY 132.0kV
79,79,BRED11,132.0,BRED,BREDBURY,132.0,nget,BREDBURY 132.0kV
80,80,BRED21,275.0,BRED,BREDBURY,275.0,nget,BREDBURY 275.0kV
81,81,BRWA4D,400.0,BRWA,BRIDGWATER,400.0,nget,BRIDGWATER 400.0kV
82,82,BRWA4C,400.0,BRWA,BRIDGWATER,400.0,nget,BRIDGWATER 400.0kV
83,83,BRWA2B,275.0,BRWA,BRIDGWATER,275.0,nget,BRIDGWATER 275.0kV
84,84,BRWA11,132.0,BRWA,BRIDGWATER,132.0,nget,BRIDGWATER 132.0kV
85,85,BRWA4A,400.0,BRWA,BRIDGWATER,400.0,nget,BRIDGWATER 400.0kV
86,86,BRWA41,400.0,BRWA,BRIDGWATER,400.0,nget,BRIDGWATER 400.0kV
87,87,BRWA2A,275.0,BRWA,BRIDGWATER,275.0,nget,BRIDGWATER 275.0kV
88,88,BRWA4B,400.0,BRWA,BRIDGWATER,400.0,nget,BRIDGWATER 400.0kV
89,89,BRIM2D,275.0,BRIM,BRIMSDOWN,275.0,nget,BRIMSDOWN 275.0kV
90,90,BRIM4C,400.0,BRIM,BRIMSDOWN,400.0,nget,BRIMSDOWN 400.0kV
91,91,BRIM2A,275.0,BRIM,BRIMSDOWN,275.0,nget,BRIMSDOWN 275.0kV
92,92,BRIM4D,400.0,BRIM,BRIMSDOWN,400.0,nget,BRIMSDOWN 400.0kV
93,93,BRIM2B,275.0,BRIM,BRIMSDOWN,275.0,nget,BRIMSDOWN 275.0kV
94,94,BRIM2C,275.0,BRIM,BRIMSDOWN,275.0,nget,BRIMSDOWN 275.0kV
95,95,BRIM11,132.0,BRIM,BRIMSDOWN,132.0,nget,BRIMSDOWN 132.0kV
96,96,BRIN41,400.0,BRIN,BRINSWORTH,400.0,nget,BRINSWORTH 400.0kV
97,97,BRIN22,275.0,BRIN,BRINSWORTH,275.0,nget,BRINSWORTH 275.0kV
98,98,BRIN21,275.0,BRIN,BRINSWORTH,275.0,nget,BRINSWORTH 275.0kV
99,99,BULL41,400.0,BULL,BULLSLODGE,400.0,nget,BULLSLODGE 400.0kV
100,100,BURW41,400.0,BURW,BURWELL,400.0,nget,BURWELL 400.0kV
101,101,BURW11,132.0,BURW,BURWELL,132.0,nget,BURWELL 132.0kV
102,102,BUSH11,132.0,BUSH,BUSHBURY,132.0,nget,BUSHBURY 132.0kV
103,103,BUSH21,275.0,BUSH,BUSHBURY,275.0,nget,BUSHBURY 275.0kV
104,104,BUST4B,400.0,BUST,BUSTLEHOLME,400.0,nget,BUSTLEHOLME 400.0kV
105,105,BUST4A,400.0,BUST,BUSTLEHOLME,400.0,nget,BUSTLEHOLME 400.0kV
106,106,BUST21,275.0,BUST,BUSTLEHOLME,275.0,nget,BUSTLEHOLME 275.0kV
107,107,BUST11,132.0,BUST,BUSTLEHOLME,132.0,nget,BUSTLEHOLME 132.0kV
108,108,CAML61,66.0,CAML,CAMBLESFORTH,66.0,nget,CAMBLESFORTH 66.0kV
109,109,CAMA12,132.0,CAMA,CAMBRIDGE ARMS,132.0,nget,CAMBRIDGE ARMS 132.0kV
110,110,CAMA11,132.0,CAMA,CAMBRIDGE ARMS,132.0,nget,CAMBRIDGE ARMS 132.0kV
111,111,CANT13,132.0,CANT,CANTERBURY,132.0,nget,CANTERBURY 132.0kV
112,112,CANT14,132.0,CANT,CANTERBURY,132.0,nget,CANTERBURY 132.0kV
113,113,CANT41,400.0,CANT,CANTERBURY,400.0,nget,CANTERBURY 400.0kV
114,114,CAPE21,275.0,CAPE,CAPENHURST,275.0,nget,CAPENHURST 275.0kV
115,115,CAPE1B,132.0,CAPE,CAPENHURST,132.0,nget,CAPENHURST 132.0kV
116,116,CAPE4A,400.0,CAPE,CAPENHURST,400.0,nget,CAPENHURST 400.0kV
117,117,CAPE1A,132.0,CAPE,CAPENHURST,132.0,nget,CAPENHURST 132.0kV
118,118,CAPE4B,400.0,CAPE,CAPENHURST,400.0,nget,CAPENHURST 400.0kV
119,119,CAPE11,132.0,CAPE,CAPENHURST,132.0,nget,CAPENHURST 132.0kV
120,120,CARE21,275.0,CARE,CARDIFF EAST,275.0,nget,CARDIFF EAST 275.0kV
121,121,CARE11,132.0,CARE,CARDIFF EAST,132.0,nget,CARDIFF EAST 132.0kV
122,122,CARR41,400.0,CARR,CARRINGTON,400.0,nget,CARRINGTON 400.0kV
123,123,CARR21,275.0,CARR,CARRINGTON,275.0,nget,CARRINGTON 275.0kV
124,124,CARR4B,400.0,CARR,CARRINGTON,400.0,nget,CARRINGTON 400.0kV
125,125,CARR42,400.0,CARR,CARRINGTON,400.0,nget,CARRINGTON 400.0kV
126,126,CARR12,132.0,CARR,CARRINGTON,132.0,nget,CARRINGTON 132.0kV
127,127,CARR11,132.0,CARR,CARRINGTON,132.0,nget,CARRINGTON 132.0kV
128,128,CARR4A,400.0,CARR,CARRINGTON,400.0,nget,CARRINGTON 400.0kV
129,129,CELL11,132.0,CELL,CELLARHEAD,132.0,nget,CELLARHEAD 132.0kV
130,130,CELL41,400.0,CELL,CELLARHEAD,400.0,nget,CELLARHEAD 400.0kV
131,131,CELL12,132.0,CELL,CELLARHEAD,132.0,nget,CELLARHEAD 132.0kV
132,132,CHUE4A,400.0,CHUE,CHAFFORD HUNDRED EAST,400.0,nget,CHAFFORD HUNDRED EAST 400.0kV
133,133,CHUE4B,400.0,CHUE,CHAFFORD HUNDRED EAST,400.0,nget,CHAFFORD HUNDRED EAST 400.0kV
134,134,CHSI1B,132.0,CHSI,CHESSINGTON,132.0,nget,CHESSINGTON 132.0kV
135,135,CHSI21,275.0,CHSI,CHESSINGTON,275.0,nget,CHESSINGTON 275.0kV
136,136,CHSI11,132.0,CHSI,CHESSINGTON,132.0,nget,CHESSINGTON 132.0kV
137,137,CHSI1A,132.0,CHSI,CHESSINGTON,132.0,nget,CHESSINGTON 132.0kV
138,138,CHTE21,275.0,CHTE,CHESTERFIELD,275.0,nget,CHESTERFIELD 275.0kV
139,139,CHTE41,400.0,CHTE,CHESTERFIELD,400.0,nget,CHESTERFIELD 400.0kV
140,140,CHTE12,132.0,CHTE,CHESTERFIELD,132.0,nget,CHESTERFIELD 132.0kV
141,141,CHTE11,132.0,CHTE,CHESTERFIELD,132.0,nget,CHESTERFIELD 132.0kV
142,142,CHIC41,400.0,CHIC,CHICKERELL,400.0,nget,CHICKERELL 400.0kV
143,143,CHIC4A,400.0,CHIC,CHICKERELL,400.0,nget,CHICKERELL 400.0kV
144,144,CHIC11,132.0,CHIC,CHICKERELL,132.0,nget,CHICKERELL 132.0kV
145,145,CHIL41,400.0,CHIL,CHILLING,400.0,nget,CHILLING 400.0kV
146,146,CILF2A,275.0,CILF,CILFYNYDD,275.0,nget,CILFYNYDD 275.0kV
147,147,CILF2B,275.0,CILF,CILFYNYDD,275.0,nget,CILFYNYDD 275.0kV
148,148,CILF41,400.0,CILF,CILFYNYDD,400.0,nget,CILFYNYDD 400.0kV
149,149,CITR41,400.0,CITR,CITYROAD,400.0,nget,CITYROAD 400.0kV
150,150,CITR12,132.0,CITR,CITYROAD,132.0,nget,CITYROAD 132.0kV
151,151,CITR11,132.0,CITR,CITYROAD,132.0,nget,CITYROAD 132.0kV
152,152,CLEH41,400.0,CLEH,CLEVEHILL,400.0,nget,CLEVEHILL 400.0kV
153,153,CONQ13,132.0,CONQ,CONNAHS QUAY,132.0,nget,CONNAHS QUAY 132.0kV
154,154,CONQ12,132.0,CONQ,CONNAHS QUAY,132.0,nget,CONNAHS QUAY 132.0kV
155,155,CONQ41,400.0,CONQ,CONNAHS QUAY,400.0,nget,CONNAHS QUAY 400.0kV
156,156,CONQ11,132.0,CONQ,CONNAHS QUAY,132.0,nget,CONNAHS QUAY 132.0kV
157,157,COSO41,400.0,COSO,CORYTON SOUTH,400.0,nget,CORYTON SOUTH 400.0kV
158,158,COTT41,400.0,COTT,COTTAM,400.0,nget,COTTAM 400.0kV
159,159,COTT42,400.0,COTT,COTTAM,400.0,nget,COTTAM 400.0kV
160,160,COVE12,132.0,COVE,COVENTRY,132.0,nget,COVENTRY 132.0kV
161,161,COVE11,132.0,COVE,COVENTRY,132.0,nget,COVENTRY 132.0kV
162,162,COVE21,275.0,COVE,COVENTRY,275.0,nget,COVENTRY 275.0kV
163,163,COWT2A,275.0,COWT,COWBRIDGE,275.0,nget,COWBRIDGE 275.0kV
164,164,COWL41,400.0,COWL,COWLEY,400.0,nget,COWLEY 400.0kV
165,165,COWL11,132.0,COWL,COWLEY,132.0,nget,COWLEY 132.0kV
166,166,COWL12,132.0,COWL,COWLEY,132.0,nget,COWLEY 132.0kV
167,167,CREB42,400.0,CREB,CREYKE BECK,400.0,nget,CREYKE BECK 400.0kV
168,168,CREB11,132.0,CREB,CREYKE BECK,132.0,nget,CREYKE BECK 132.0kV
169,169,CREB2B,275.0,CREB,CREYKE BECK,275.0,nget,CREYKE BECK 275.0kV
170,170,CREB2A,275.0,CREB,CREYKE BECK,275.0,nget,CREYKE BECK 275.0kV
171,171,CREB41,400.0,CREB,CREYKE BECK,400.0,nget,CREYKE BECK 400.0kV
172,172,CREB22,275.0,CREB,CREYKE BECK,275.0,nget,CREYKE BECK 275.0kV
173,173,CREB12,132.0,CREB,CREYKE BECK,132.0,nget,CREYKE BECK 132.0kV
174,174,CREB21,275.0,CREB,CREYKE BECK,275.0,nget,CREYKE BECK 275.0kV
175,175,CULJ4A,400.0,CULJ,CULHAM JET,400.0,nget,CULHAM JET 400.0kV
176,176,DAIN41,400.0,DAIN,DAINES,400.0,nget,DAINES 400.0kV
177,177,DAMC41,400.0,DAMC,DAMHEAD CREEK,400.0,nget,DAMHEAD CREEK 400.0kV
178,178,DIDC41,400.0,DIDC,DIDCOT,400.0,nget,DIDCOT 400.0kV
179,179,DINO41,400.0,DINO,DINORWIG,400.0,nget,DINORWIG 400.0kV
180,180,DISS4B,400.0,DISS,DISS,400.0,nget,DISS 400.0kV
181,181,DISS4A,400.0,DISS,DISS,400.0,nget,DISS 400.0kV
182,182,DRAK41,400.0,DRAK,DRAKELOW,400.0,nget,DRAKELOW 400.0kV
183,183,DRAK21,275.0,DRAK,DRAKELOW,275.0,nget,DRAKELOW 275.0kV
184,184,DRAK11,132.0,DRAK,DRAKELOW,132.0,nget,DRAKELOW 132.0kV
185,185,DRAX41,400.0,DRAX,DRAX,400.0,nget,DRAX 400.0kV
186,186,DRAX11,132.0,DRAX,DRAX,132.0,nget,DRAX 132.0kV
187,187,DRAX42,400.0,DRAX,DRAX,400.0,nget,DRAX 400.0kV
188,188,DUNG41,400.0,DUNG,DUNGENESS,400.0,nget,DUNGENESS 400.0kV
189,189,DUNG21,275.0,DUNG,DUNGENESS,275.0,nget,DUNGENESS 275.0kV
190,190,EALI21,275.0,EALI,EALING,275.0,nget,EALING 275.0kV
191,191,EALI61,66.0,EALI,EALING,66.0,nget,EALING 66.0kV
192,192,EACS41,400.0,EACS,EAST ANGLIA COASTAL SUBSTATION,400.0,nget,EAST ANGLIA COASTAL SUBSTATION 400.0kV
193,193,ECLA12,132.0,ECLA,EAST CLAYDON,132.0,nget,EAST CLAYDON 132.0kV
194,194,ECLA41,400.0,ECLA,EAST CLAYDON,400.0,nget,EAST CLAYDON 400.0kV
195,195,ECLA11,132.0,ECLA,EAST CLAYDON,132.0,nget,EAST CLAYDON 132.0kV
196,196,EASO41,400.0,EASO,EATON SOCON,400.0,nget,EATON SOCON 400.0kV
197,197,EASO4B,400.0,EASO,EATON SOCON,400.0,nget,EATON SOCON 400.0kV
198,198,EASO12,132.0,EASO,EATON SOCON,132.0,nget,EATON SOCON 132.0kV
199,199,EASO11,132.0,EASO,EATON SOCON,132.0,nget,EATON SOCON 132.0kV
200,200,EASO4A,400.0,EASO,EATON SOCON,400.0,nget,EATON SOCON 400.0kV
201,201,EGGB42,400.0,EGGB,EGGBOROUGH,400.0,nget,EGGBOROUGH 400.0kV
202,202,EGGB41,400.0,EGGB,EGGBOROUGH,400.0,nget,EGGBOROUGH 400.0kV
203,203,ELLA12,132.0,ELLA,ELLAND,132.0,nget,ELLAND 132.0kV
204,204,ELLA21,275.0,ELLA,ELLAND,275.0,nget,ELLAND 275.0kV
205,205,ELLA11,132.0,ELLA,ELLAND,132.0,nget,ELLAND 132.0kV
206,206,ELST4B,400.0,ELST,ELSTREE,400.0,nget,ELSTREE 400.0kV
207,207,ELST13,132.0,ELST,ELSTREE,132.0,nget,ELSTREE 132.0kV
208,208,ELST21,275.0,ELST,ELSTREE,275.0,nget,ELSTREE 275.0kV
209,209,ELST12,132.0,ELST,ELSTREE,132.0,nget,ELSTREE 132.0kV
210,210,ELST11,132.0,ELST,ELSTREE,132.0,nget,ELSTREE 132.0kV
211,211,ELST4A,400.0,ELST,ELSTREE,400.0,nget,ELSTREE 400.0kV
212,212,ELST41,400.0,ELST,ELSTREE,400.0,nget,ELSTREE 400.0kV
213,213,ELST22,275.0,ELST,ELSTREE,275.0,nget,ELSTREE 275.0kV
214,214,ENDE41,400.0,ENDE,ENDERBY,400.0,nget,ENDERBY 400.0kV
215,215,ENDE11,132.0,ENDE,ENDERBY,132.0,nget,ENDERBY 132.0kV
216,216,EXET41,400.0,EXET,EXETER MAIN,400.0,nget,EXETER MAIN 400.0kV
217,217,EXET11,132.0,EXET,EXETER MAIN,132.0,nget,EXETER MAIN 132.0kV
218,218,FAWL11,132.0,FAWL,FAWLEY,132.0,nget,FAWLEY 132.0kV
219,219,FAWL41,400.0,FAWL,FAWLEY,400.0,nget,FAWLEY 400.0kV
220,220,FECK61,66.0,FECK,FECKENHAM,66.0,nget,FECKENHAM 66.0kV
221,221,FECK21,275.0,FECK,FECKENHAM,275.0,nget,FECKENHAM 275.0kV
222,222,FECK41,400.0,FECK,FECKENHAM,400.0,nget,FECKENHAM 400.0kV
223,223,FENW4A,400.0,FENW,FENWICK TEE,400.0,nget,FENWICK TEE 400.0kV
224,224,FERR23,275.0,FERR,FERRYBRIDGE,275.0,nget,FERRYBRIDGE 275.0kV
225,225,FERR22,275.0,FERR,FERRYBRIDGE,275.0,nget,FERRYBRIDGE 275.0kV
226,226,FERR2B,275.0,FERR,FERRYBRIDGE,275.0,nget,FERRYBRIDGE 275.0kV
227,227,FERR21,275.0,FERR,FERRYBRIDGE,275.0,nget,FERRYBRIDGE 275.0kV
228,228,FERR2A,275.0,FERR,FERRYBRIDGE,275.0,nget,FERRYBRIDGE 275.0kV
229,229,FERR11,132.0,FERR,FERRYBRIDGE,132.0,nget,FERRYBRIDGE 132.0kV
230,230,FERR61,66.0,FERR,FERRYBRIDGE,66.0,nget,FERRYBRIDGE 66.0kV
231,231,FERR4A,400.0,FERR,FERRYBRIDGE,400.0,nget,FERRYBRIDGE 400.0kV
232,232,FFES21,275.0,FFES,FFESTINIOG,275.0,nget,FFESTINIOG 275.0kV
233,233,FFES22,275.0,FFES,FFESTINIOG,275.0,nget,FFESTINIOG 275.0kV
234,234,FIDF12,132.0,FIDF,FIDDLERS FERRY,132.0,nget,FIDDLERS FERRY 132.0kV
235,235,FIDF11,132.0,FIDF,FIDDLERS FERRY,132.0,nget,FIDDLERS FERRY 132.0kV
236,236,FIDF21,275.0,FIDF,FIDDLERS FERRY,275.0,nget,FIDDLERS FERRY 275.0kV
237,237,FLEE41,400.0,FLEE,FLEET,400.0,nget,FLEET 400.0kV
238,238,FLEE12,132.0,FLEE,FLEET,132.0,nget,FLEET 132.0kV
239,239,FLEE11,132.0,FLEE,FLEET,132.0,nget,FLEET 132.0kV
240,240,FLIB41,400.0,FLIB,FLINTSHIRE BRIDGE,400.0,nget,FLINTSHIRE BRIDGE 400.0kV
241,241,FOUX11,132.0,FOUX,FOUR CROSSES,132.0,nget,FOUR CROSSES 132.0kV
242,242,FOUX41,400.0,FOUX,FOUR CROSSES,400.0,nget,FOUR CROSSES 400.0kV
243,243,FOUX4A,400.0,FOUX,FOUR CROSSES,400.0,nget,FOUR CROSSES 400.0kV
244,244,FOUR21,275.0,FOUR,FOURSTONES,275.0,nget,FOURSTONES 275.0kV
245,245,FOUR31,33.0,FOUR,FOURSTONES,33.0,nget,FOURSTONES 33.0kV
246,246,FRIS41,400.0,FRIS,FRISTON,400.0,nget,FRISTON 400.0kV
247,247,FRIS4C,400.0,FRIS,FRISTON,400.0,nget,FRISTON 400.0kV
248,248,FRIS4B,400.0,FRIS,FRISTON,400.0,nget,FRISTON 400.0kV
249,249,FRIS4D,400.0,FRIS,FRISTON,400.0,nget,FRISTON 400.0kV
250,250,FRIS4A,400.0,FRIS,FRISTON,400.0,nget,FRISTON 400.0kV
251,251,FRIN4A,400.0,FRIN,FRISTON NORTH,400.0,nget,FRISTON NORTH 400.0kV
252,252,FRIN4B,400.0,FRIN,FRISTON NORTH,400.0,nget,FRISTON NORTH 400.0kV
253,253,FROD11,132.0,FROD,FRODSHAM,132.0,nget,FRODSHAM 132.0kV
254,254,FROD21,275.0,FROD,FRODSHAM,275.0,nget,FRODSHAM 275.0kV
255,255,FROD22,275.0,FROD,FRODSHAM,275.0,nget,FRODSHAM 275.0kV
256,256,FROD41,400.0,FROD,FRODSHAM,400.0,nget,FRODSHAM 400.0kV
257,257,GART4B,400.0,GART,GARFORTH TEE,400.0,nget,GARFORTH TEE 400.0kV
258,258,GART4A,400.0,GART,GARFORTH TEE,400.0,nget,GARFORTH TEE 400.0kV
259,259,GRAI41,400.0,GRAI,GRAIN,400.0,nget,GRAIN 400.0kV
260,260,GRAI11,132.0,GRAI,GRAIN,132.0,nget,GRAIN 132.0kV
261,261,GRAW41,400.0,GRAW,GRAIN WEST,400.0,nget,GRAIN WEST 400.0kV
262,262,GRAW4A,400.0,GRAW,GRAIN WEST,400.0,nget,GRAIN WEST 400.0kV
263,263,GRAW42,400.0,GRAW,GRAIN WEST,400.0,nget,GRAIN WEST 400.0kV
264,264,GRAW4B,400.0,GRAW,GRAIN WEST,400.0,nget,GRAIN WEST 400.0kV
265,265,GRAN61,66.0,GRAN,GRANGE,66.0,nget,GRANGE 66.0kV
266,266,GRTO61,66.0,GRTO,GRANGETOWN,66.0,nget,GRANGETOWN 66.0kV
267,267,GREN11,132.0,GREN,GRENDON,132.0,nget,GRENDON 132.0kV
268,268,GREN41,400.0,GREN,GRENDON,400.0,nget,GRENDON 400.0kV
269,269,GREN12,132.0,GREN,GRENDON,132.0,nget,GRENDON 132.0kV
270,270,GRST61,66.0,GRST,GREYSTONES,66.0,nget,GREYSTONES 66.0kV
271,271,GRSA21,275.0,GRSA,GREYSTONES A,275.0,nget,GREYSTONES A 275.0kV
272,272,GRSB21,275.0,GRSB,GREYSTONES B,275.0,nget,GREYSTONES B 275.0kV
273,273,GRIW12,132.0,GRIW,GRIMSBY WEST,132.0,nget,GRIMSBY WEST 132.0kV
274,274,GRIW41,400.0,GRIW,GRIMSBY WEST,400.0,nget,GRIMSBY WEST 400.0kV
275,275,GRIW11,132.0,GRIW,GRIMSBY WEST,132.0,nget,GRIMSBY WEST 132.0kV
276,276,HACK21,275.0,HACK,HACKNEY,275.0,nget,HACKNEY 275.0kV
277,277,HACK61,66.0,HACK,HACKNEY,66.0,nget,HACKNEY 66.0kV
278,278,HACK2A,275.0,HACK,HACKNEY,275.0,nget,HACKNEY 275.0kV
279,279,HACK22,275.0,HACK,HACKNEY,275.0,nget,HACKNEY 275.0kV
280,280,HACK11,132.0,HACK,HACKNEY,132.0,nget,HACKNEY 132.0kV
281,281,HACK2B,275.0,HACK,HACKNEY,275.0,nget,HACKNEY 275.0kV
282,282,HACK41,400.0,HACK,HACKNEY,400.0,nget,HACKNEY 400.0kV
283,283,HAMB4A,400.0,HAMB,HAMBLETON,400.0,nget,HAMBLETON 400.0kV
284,284,HAMB4B,400.0,HAMB,HAMBLETON,400.0,nget,HAMBLETON 400.0kV
285,285,HAMH41,400.0,HAMH,HAMSHALL,400.0,nget,HAMSHALL 400.0kV
286,286,HAMH1B,132.0,HAMH,HAMSHALL,132.0,nget,HAMSHALL 132.0kV
287,287,HAMH1A,132.0,HAMH,HAMSHALL,132.0,nget,HAMSHALL 132.0kV
288,288,HAMH2A,275.0,HAMH,HAMSHALL,275.0,nget,HAMSHALL 275.0kV
289,289,HARK41,400.0,HARK,HARKER,400.0,nget,HARKER 400.0kV
290,290,HARK11,132.0,HARK,HARKER,132.0,nget,HARKER 132.0kV
291,291,HARK21,275.0,HARK,HARKER,275.0,nget,HARKER 275.0kV
292,292,HARK24,275.0,HARK,HARKER,275.0,nget,HARKER 275.0kV
293,293,HARK13,132.0,HARK,HARKER,132.0,nget,HARKER 132.0kV
294,294,HARK12,132.0,HARK,HARKER,132.0,nget,HARKER 132.0kV
295,295,HARK23,275.0,HARK,HARKER,275.0,nget,HARKER 275.0kV
296,296,HARG11,132.0,HARG,HARKER GIS,132.0,nget,HARKER GIS 132.0kV
297,297,HARG41,400.0,HARG,HARKER GIS,400.0,nget,HARKER GIS 400.0kV
298,298,HATL21,275.0,HATL,HARTLEPOOL,275.0,nget,HARTLEPOOL 275.0kV
299,299,HARM61,66.0,HARM,HARTMOOR,66.0,nget,HARTMOOR 66.0kV
300,300,HARM21,275.0,HARM,HARTMOOR,275.0,nget,HARTMOOR 275.0kV
301,301,HAWP4A,400.0,HAWP,HAWTHORN PIT,400.0,nget,HAWTHORN PIT 400.0kV
302,302,HAWP21,275.0,HAWP,HAWTHORN PIT,275.0,nget,HAWTHORN PIT 275.0kV
303,303,HAWP41,400.0,HAWP,HAWTHORN PIT,400.0,nget,HAWTHORN PIT 400.0kV
304,304,HAWP2A,275.0,HAWP,HAWTHORN PIT,275.0,nget,HAWTHORN PIT 275.0kV
305,305,HAWP61,66.0,HAWP,HAWTHORN PIT,66.0,nget,HAWTHORN PIT 66.0kV
306,306,HEDO21,275.0,HEDO,HEDON,275.0,nget,HEDON 275.0kV
307,307,HEND11,132.0,HEND,HENDON,132.0,nget,HENDON 132.0kV
308,308,HEYS11,132.0,HEYS,HEYSHAM,132.0,nget,HEYSHAM 132.0kV
309,309,HEYS41,400.0,HEYS,HEYSHAM,400.0,nget,HEYSHAM 400.0kV
310,310,HIGM21,275.0,HIGM,HIGH MARNHAM,275.0,nget,HIGH MARNHAM 275.0kV
311,311,HIGM41,400.0,HIGM,HIGH MARNHAM,400.0,nget,HIGH MARNHAM 400.0kV
312,312,HIGM4A,400.0,HIGM,HIGH MARNHAM,400.0,nget,HIGH MARNHAM 400.0kV
313,313,HIBU41,400.0,HIBU,HIGHBURY,400.0,nget,HIGHBURY 400.0kV
314,314,HINP21,275.0,HINP,HINKLEY POINT,275.0,nget,HINKLEY POINT 275.0kV
315,315,HINP41,400.0,HINP,HINKLEY POINT,400.0,nget,HINKLEY POINT 400.0kV
316,316,HINP22,275.0,HINP,HINKLEY POINT,275.0,nget,HINKLEY POINT 275.0kV
317,317,HUMR41,400.0,HUMR,HUMBER REFINERY,400.0,nget,HUMBER REFINERY 400.0kV
318,318,HUMR31,33.0,HUMR,HUMBER REFINERY,33.0,nget,HUMBER REFINERY 33.0kV
319,319,HURS21,275.0,HURS,HURST,275.0,nget,HURST 275.0kV
320,320,HURS1B,132.0,HURS,HURST,132.0,nget,HURST 132.0kV
321,321,HURS1D,132.0,HURS,HURST,132.0,nget,HURST 132.0kV
322,322,HURS1C,132.0,HURS,HURST,132.0,nget,HURST 132.0kV
323,323,HUTT11,132.0,HUTT,HUTTON,132.0,nget,HUTTON 132.0kV
324,324,HUTT71,25.0,HUTT,HUTTON,25.0,nget,HUTTON 25.0kV
325,325,HUTT42,400.0,HUTT,HUTTON,400.0,nget,HUTTON 400.0kV
326,326,HUTT41,400.0,HUTT,HUTTON,400.0,nget,HUTTON 400.0kV
327,327,HUTT43,400.0,HUTT,HUTTON,400.0,nget,HUTTON 400.0kV
328,328,IMPP41,400.0,IMPP,IMPERIAL PARK,400.0,nget,IMPERIAL PARK 400.0kV
329,329,IMPP31,33.0,IMPP,IMPERIAL PARK,33.0,nget,IMPERIAL PARK 33.0kV
330,330,INCE11,132.0,INCE,INCE,132.0,nget,INCE 132.0kV
331,331,INDQ11,132.0,INDQ,INDIAN QUEENS,132.0,nget,INDIAN QUEENS 132.0kV
332,332,INDQ41,400.0,INDQ,INDIAN QUEENS,400.0,nget,INDIAN QUEENS 400.0kV
333,333,IROA21,275.0,IROA,IRON ACTON,275.0,nget,IRON ACTON 275.0kV
334,334,IROA11,132.0,IROA,IRON ACTON,132.0,nget,IRON ACTON 132.0kV
335,335,IROA12,132.0,IROA,IRON ACTON,132.0,nget,IRON ACTON 132.0kV
336,336,IROA13,132.0,IROA,IRON ACTON,132.0,nget,IRON ACTON 132.0kV
337,337,IRON12,132.0,IRON,IRON BRIDGE,132.0,nget,IRON BRIDGE 132.0kV
338,338,IRON13,132.0,IRON,IRON BRIDGE,132.0,nget,IRON BRIDGE 132.0kV
339,339,IRON41,400.0,IRON,IRON BRIDGE,400.0,nget,IRON BRIDGE 400.0kV
340,340,IRON11,132.0,IRON,IRON BRIDGE,132.0,nget,IRON BRIDGE 132.0kV
341,341,ISLI11,132.0,ISLI,ISLINGTON,132.0,nget,ISLINGTON 132.0kV
342,342,IVER21,275.0,IVER,IVER,275.0,nget,IVER 275.0kV
343,343,IVER4A,400.0,IVER,IVER,400.0,nget,IVER 400.0kV
344,344,IVER11,132.0,IVER,IVER,132.0,nget,IVER 132.0kV
345,345,IVER22,275.0,IVER,IVER,275.0,nget,IVER 275.0kV
346,346,IVER2A,275.0,IVER,IVER,275.0,nget,IVER 275.0kV
347,347,IVER4B,400.0,IVER,IVER,400.0,nget,IVER 400.0kV
348,348,IVER61,66.0,IVER,IVER,66.0,nget,IVER 66.0kV
349,349,JORD21,275.0,JORD,JORDANTHORPE,275.0,nget,JORDANTHORPE 275.0kV
350,350,JORD31,33.0,JORD,JORDANTHORPE,33.0,nget,JORDANTHORPE 33.0kV
351,351,KEAD11,132.0,KEAD,KEADBY,132.0,nget,KEADBY 132.0kV
352,352,KEAD4C,400.0,KEAD,KEADBY,400.0,nget,KEADBY 400.0kV
353,353,KEAD41,400.0,KEAD,KEADBY,400.0,nget,KEADBY 400.0kV
354,354,KEAD4D,400.0,KEAD,KEADBY,400.0,nget,KEADBY 400.0kV
355,355,KEAD43,400.0,KEAD,KEADBY,400.0,nget,KEADBY 400.0kV
356,356,KEAD42,400.0,KEAD,KEADBY,400.0,nget,KEADBY 400.0kV
357,357,KEAD44,400.0,KEAD,KEADBY,400.0,nget,KEADBY 400.0kV
358,358,KEAR11,132.0,KEAR,KEARSLEY,132.0,nget,KEARSLEY 132.0kV
359,359,KEAR31,33.0,KEAR,KEARSLEY,33.0,nget,KEARSLEY 33.0kV
360,360,KEAR21,275.0,KEAR,KEARSLEY,275.0,nget,KEARSLEY 275.0kV
361,361,KEAR41,400.0,KEAR,KEARSLEY,400.0,nget,KEARSLEY 400.0kV
362,362,KEMS4A,400.0,KEMS,KEMSLEY,400.0,nget,KEMSLEY 400.0kV
363,363,KEMS11,132.0,KEMS,KEMSLEY,132.0,nget,KEMSLEY 132.0kV
364,364,KEMS4B,400.0,KEMS,KEMSLEY,400.0,nget,KEMSLEY 400.0kV
365,365,KEMS41,400.0,KEMS,KEMSLEY,400.0,nget,KEMSLEY 400.0kV
366,366,KENG41,400.0,KENG,KENSAL GREEN,400.0,nget,KENSAL GREEN 400.0kV
367,367,KILL41,400.0,KILL,KILLINGHOLME,400.0,nget,KILLINGHOLME 400.0kV
368,368,KINO11,132.0,KINO,KINGSNORTH,132.0,nget,KINGSNORTH 132.0kV
369,369,KINO41,400.0,KINO,KINGSNORTH,400.0,nget,KINGSNORTH 400.0kV
370,370,KIBY11,132.0,KIBY,KIRKBY,132.0,nget,KIRKBY 132.0kV
371,371,KIBY21,275.0,KIBY,KIRKBY,275.0,nget,KIRKBY 275.0kV
372,372,KIRK11,132.0,KIRK,KIRKSTALL,132.0,nget,KIRKSTALL 132.0kV
373,373,KIRK21,275.0,KIRK,KIRKSTALL,275.0,nget,KIRKSTALL 275.0kV
374,374,KIRK2A,275.0,KIRK,KIRKSTALL,275.0,nget,KIRKSTALL 275.0kV
375,375,KITW21,275.0,KITW,KITWELL,275.0,nget,KITWELL 275.0kV
376,376,KITW11,132.0,KITW,KITWELL,132.0,nget,KITWELL 132.0kV
377,377,KNAR11,132.0,KNAR,KNARESBOROUGH,132.0,nget,KNARESBOROUGH 132.0kV
378,378,KNAR21,275.0,KNAR,KNARESBOROUGH,275.0,nget,KNARESBOROUGH 275.0kV
379,379,LACK41,400.0,LACK,LACKENBY,400.0,nget,LACKENBY 400.0kV
380,380,LACK2A,275.0,LACK,LACKENBY,275.0,nget,LACKENBY 275.0kV
381,381,LACK61,66.0,LACK,LACKENBY,66.0,nget,LACKENBY 66.0kV
382,382,LACK21,275.0,LACK,LACKENBY,275.0,nget,LACKENBY 275.0kV
383,383,LACK2C,275.0,LACK,LACKENBY,275.0,nget,LACKENBY 275.0kV
384,384,LACK2B,275.0,LACK,LACKENBY,275.0,nget,LACKENBY 275.0kV
385,385,LALE11,132.0,LALE,LALEHAM,132.0,nget,LALEHAM 132.0kV
386,386,LALE31,33.0,LALE,LALEHAM,33.0,nget,LALEHAM 33.0kV
387,387,LALE21,275.0,LALE,LALEHAM,275.0,nget,LALEHAM 275.0kV
388,388,LAND11,132.0,LAND,LANDULPH,132.0,nget,LANDULPH 132.0kV
389,389,LAND41,400.0,LAND,LANDULPH,400.0,nget,LANDULPH 400.0kV
390,390,LAND42,400.0,LAND,LANDULPH,400.0,nget,LANDULPH 400.0kV
391,391,LAGA41,400.0,LAGA,LANGAGE,400.0,nget,LANGAGE 400.0kV
392,392,LEMR11,132.0,LEMR,LEA MARSTON,132.0,nget,LEA MARSTON 132.0kV
393,393,LEGA4A,400.0,LEGA,LEGACY,400.0,nget,LEGACY 400.0kV
394,394,LEGA41,400.0,LEGA,LEGACY,400.0,nget,LEGACY 400.0kV
395,395,LEGA11,132.0,LEGA,LEGACY,132.0,nget,LEGACY 132.0kV
396,396,LEGA4B,400.0,LEGA,LEGACY,400.0,nget,LEGACY 400.0kV
397,397,LEIB4A,400.0,LEIB,LEIGHTON BUZZARD,400.0,nget,LEIGHTON BUZZARD 400.0kV
398,398,LEIB4B,400.0,LEIB,LEIGHTON BUZZARD,400.0,nget,LEIGHTON BUZZARD 400.0kV
399,399,LEIS11,132.0,LEIS,LEISTON,132.0,nget,LEISTON 132.0kV
400,400,LEIS4A,400.0,LEIS,LEISTON,400.0,nget,LEISTON 400.0kV
401,401,LISD11,132.0,LISD,LISTER DRIVE,132.0,nget,LISTER DRIVE 132.0kV
402,402,LISD2A,275.0,LISD,LISTER DRIVE,275.0,nget,LISTER DRIVE 275.0kV
403,403,LISD21,275.0,LISD,LISTER DRIVE,275.0,nget,LISTER DRIVE 275.0kV
404,404,LITB11,132.0,LITB,LITTLE BARFORD,132.0,nget,LITTLE BARFORD 132.0kV
405,405,LHOR11,132.0,LHOR,LITTLE HORSTED,132.0,nget,LITTLE HORSTED 132.0kV
406,406,LHOR4A,400.0,LHOR,LITTLE HORSTED,400.0,nget,LITTLE HORSTED 400.0kV
407,407,LHOR4B,400.0,LHOR,LITTLE HORSTED,400.0,nget,LITTLE HORSTED 400.0kV
408,408,LITT11,132.0,LITT,LITTLEBROOK,132.0,nget,LITTLEBROOK 132.0kV
409,409,LITT41,400.0,LITT,LITTLEBROOK,400.0,nget,LITTLEBROOK 400.0kV
410,410,LITT2A,275.0,LITT,LITTLEBROOK,275.0,nget,LITTLEBROOK 275.0kV
411,411,LITT2B,275.0,LITT,LITTLEBROOK,275.0,nget,LITTLEBROOK 275.0kV
412,412,LODR62,66.0,LODR,LODGE ROAD,66.0,nget,LODGE ROAD 66.0kV
413,413,LODR61,66.0,LODR,LODGE ROAD,66.0,nget,LODGE ROAD 66.0kV
414,414,LOFI4A,400.0,LOFI,LONGFIELD,400.0,nget,LONGFIELD 400.0kV
415,415,LOFI4B,400.0,LOFI,LONGFIELD,400.0,nget,LONGFIELD 400.0kV
416,416,LOVE11,132.0,LOVE,LOVEDEAN,132.0,nget,LOVEDEAN 132.0kV
417,417,LOVE12,132.0,LOVE,LOVEDEAN,132.0,nget,LOVEDEAN 132.0kV
418,418,LOVE41,400.0,LOVE,LOVEDEAN,400.0,nget,LOVEDEAN 400.0kV
419,419,MABL41,400.0,MABL,MABLETHORPE,400.0,nget,MABLETHORPE 400.0kV
420,420,MACC21,275.0,MACC,MACCLESFIELD,275.0,nget,MACCLESFIELD 275.0kV
421,421,MACC41,400.0,MACC,MACCLESFIELD,400.0,nget,MACCLESFIELD 400.0kV
422,422,MACC31,33.0,MACC,MACCLESFIELD,33.0,nget,MACCLESFIELD 33.0kV
423,423,MANN11,132.0,MANN,MANNINGTON,132.0,nget,MANNINGTON 132.0kV
424,424,MANN41,400.0,MANN,MANNINGTON,400.0,nget,MANNINGTON 400.0kV
425,425,MAWO41,400.0,MAWO,MARCHWOOD,400.0,nget,MARCHWOOD 400.0kV
426,426,MAGA21,275.0,MAGA,MARGAM,275.0,nget,MARGAM 275.0kV
427,427,MARH41,400.0,MARH,MARKET HARBOROUGH,400.0,nget,MARKET HARBOROUGH 400.0kV
428,428,MARH4A,400.0,MARH,MARKET HARBOROUGH,400.0,nget,MARKET HARBOROUGH 400.0kV
429,429,MARH4B,400.0,MARH,MARKET HARBOROUGH,400.0,nget,MARKET HARBOROUGH 400.0kV
430,430,MARH42,400.0,MARH,MARKET HARBOROUGH,400.0,nget,MARKET HARBOROUGH 400.0kV
431,431,MEDB4A,400.0,MEDB,MEDBURN TEE,400.0,nget,MEDBURN TEE 400.0kV
432,432,MEDB4B,400.0,MEDB,MEDBURN TEE,400.0,nget,MEDBURN TEE 400.0kV
433,433,MEDW41,400.0,MEDW,MEDWAY,400.0,nget,MEDWAY 400.0kV
434,434,MELK2A,275.0,MELK,MELKSHAM,275.0,nget,MELKSHAM 275.0kV
435,435,MELK11,132.0,MELK,MELKSHAM,132.0,nget,MELKSHAM 132.0kV
436,436,MELK2B,275.0,MELK,MELKSHAM,275.0,nget,MELKSHAM 275.0kV
437,437,MELK41,400.0,MELK,MELKSHAM,400.0,nget,MELKSHAM 400.0kV
438,438,MIDL41,400.0,MIDL,MIDDLETON,400.0,nget,MIDDLETON 400.0kV
439,439,MILL41,400.0,MILL,MILLBROOK,400.0,nget,MILLBROOK 400.0kV
440,440,MILL4A,400.0,MILL,MILLBROOK,400.0,nget,MILLBROOK 400.0kV
441,441,MILL4B,400.0,MILL,MILLBROOK,400.0,nget,MILLBROOK 400.0kV
442,442,MILL42,400.0,MILL,MILLBROOK,400.0,nget,MILLBROOK 400.0kV
443,443,MILH2B,275.0,MILH,MILLHILL,275.0,nget,MILLHILL 275.0kV
444,444,MILH2A,275.0,MILH,MILLHILL,275.0,nget,MILLHILL 275.0kV
445,445,MILH12,132.0,MILH,MILLHILL,132.0,nget,MILLHILL 132.0kV
446,446,MILH11,132.0,MILH,MILLHILL,132.0,nget,MILLHILL 132.0kV
447,447,MILH21,275.0,MILH,MILLHILL,275.0,nget,MILLHILL 275.0kV
448,448,MILP31,33.0,MILP,MILTON PARK,33.0,nget,MILTON PARK 33.0kV
449,449,MITY12,132.0,MITY,MINETY,132.0,nget,MINETY 132.0kV
450,450,MITY41,400.0,MITY,MINETY,400.0,nget,MINETY 400.0kV
451,451,MITY11,132.0,MITY,MINETY,132.0,nget,MINETY 132.0kV
452,452,MONF2B,275.0,MONF,MONK FRYSTON,275.0,nget,MONK FRYSTON 275.0kV
453,453,MONF42,400.0,MONF,MONK FRYSTON,400.0,nget,MONK FRYSTON 400.0kV
454,454,MONF4A,400.0,MONF,MONK FRYSTON,400.0,nget,MONK FRYSTON 400.0kV
455,455,MONF2A,275.0,MONF,MONK FRYSTON,275.0,nget,MONK FRYSTON 275.0kV
456,456,MONF41,400.0,MONF,MONK FRYSTON,400.0,nget,MONK FRYSTON 400.0kV
457,457,MONF22,275.0,MONF,MONK FRYSTON,275.0,nget,MONK FRYSTON 275.0kV
458,458,MONF21,275.0,MONF,MONK FRYSTON,275.0,nget,MONK FRYSTON 275.0kV
459,459,NECH11,132.0,NECH,NECHELLS,132.0,nget,NECHELLS 132.0kV
460,460,NECH21,275.0,NECH,NECHELLS,275.0,nget,NECHELLS 275.0kV
461,461,NECH12,132.0,NECH,NECHELLS,132.0,nget,NECHELLS 132.0kV
462,462,NECT41,400.0,NECT,NECTON,400.0,nget,NECTON 400.0kV
463,463,NECT4B,400.0,NECT,NECTON,400.0,nget,NECTON 400.0kV
464,464,NECT4A,400.0,NECT,NECTON,400.0,nget,NECTON 400.0kV
465,465,NEEP31,33.0,NEEP,NEEPSEND,33.0,nget,NEEPSEND 33.0kV
466,466,NEEP21,275.0,NEEP,NEEPSEND,275.0,nget,NEEPSEND 275.0kV
467,467,NEEP4A,400.0,NEEP,NEEPSEND,400.0,nget,NEEPSEND 400.0kV
468,468,NEWX41,400.0,NEWX,NEW CROSS,400.0,nget,NEW CROSS 400.0kV
469,469,NEWX62,66.0,NEWX,NEW CROSS,66.0,nget,NEW CROSS 66.0kV
470,470,NEWX4A,400.0,NEWX,NEW CROSS,400.0,nget,NEW CROSS 400.0kV
471,471,NEWX4B,400.0,NEWX,NEW CROSS,400.0,nget,NEW CROSS 400.0kV
472,472,NEWX61,66.0,NEWX,NEW CROSS,66.0,nget,NEW CROSS 66.0kV
473,473,NEWX21,275.0,NEWX,NEWCROSS,275.0,nget,NEWCROSS 275.0kV
474,474,NEWX11,132.0,NEWX,NEWCROSS,132.0,nget,NEWCROSS 132.0kV
475,475,NINF11,132.0,NINF,NINFIELD,132.0,nget,NINFIELD 132.0kV
476,476,NINF41,400.0,NINF,NINFIELD,400.0,nget,NINFIELD 400.0kV
477,477,NINF12,132.0,NINF,NINFIELD,132.0,nget,NINFIELD 132.0kV
478,478,NHYD61,66.0,NHYD,NORTH HYDE,66.0,nget,NORTH HYDE 66.0kV
479,479,NFLE11,132.0,NFLE,NORTHFLEET EAST,132.0,nget,NORTHFLEET EAST 132.0kV
480,480,NFLE12,132.0,NFLE,NORTHFLEET EAST,132.0,nget,NORTHFLEET EAST 132.0kV
481,481,NFLE41,400.0,NFLE,NORTHFLEET EAST,400.0,nget,NORTHFLEET EAST 400.0kV
482,482,NHYD2A,275.0,NHYD,NORTHHYDE,275.0,nget,NORTHHYDE 275.0kV
483,483,NHYD2B,275.0,NHYD,NORTHHYDE,275.0,nget,NORTHHYDE 275.0kV
484,484,NORT41,400.0,NORT,NORTON,400.0,nget,NORTON 400.0kV
485,485,NORT11,132.0,NORT,NORTON,132.0,nget,NORTON 132.0kV
486,486,NORT21,275.0,NORT,NORTON,275.0,nget,NORTON 275.0kV
487,487,NORL2A,275.0,NORL,NORTON LEES,275.0,nget,NORTON LEES 275.0kV
488,488,NORL2B,275.0,NORL,NORTON LEES,275.0,nget,NORTON LEES 275.0kV
489,489,NORL31,33.0,NORL,NORTON LEES,33.0,nget,NORTON LEES 33.0kV
490,490,NORM1A,132.0,NORM,NORWICH MAIN,132.0,nget,NORWICH MAIN 132.0kV
491,491,NORM41,400.0,NORM,NORWICH MAIN,400.0,nget,NORWICH MAIN 400.0kV
492,492,NORM1B,132.0,NORM,NORWICH MAIN,132.0,nget,NORWICH MAIN 132.0kV
493,493,NORM12,132.0,NORM,NORWICH MAIN,132.0,nget,NORWICH MAIN 132.0kV
494,494,NORM11,132.0,NORM,NORWICH MAIN,132.0,nget,NORWICH MAIN 132.0kV
495,495,NOTR11,132.0,NOTR,NORWICH TROWSE,132.0,nget,NORWICH TROWSE 132.0kV
496,496,NOTR12,132.0,NOTR,NORWICH TROWSE,132.0,nget,NORWICH TROWSE 132.0kV
497,497,NURS11,132.0,NURS,NURSLING,132.0,nget,NURSLING 132.0kV
498,498,NURS4A,400.0,NURS,NURSLING,400.0,nget,NURSLING 400.0kV
499,499,NURS41,400.0,NURS,NURSLING,400.0,nget,NURSLING 400.0kV
500,500,OCKH21,275.0,OCKH,OCKERHILL,275.0,nget,OCKERHILL 275.0kV
501,501,OCKH11,132.0,OCKH,OCKERHILL,132.0,nget,OCKERHILL 132.0kV
502,502,OCKH2A,275.0,OCKH,OCKERHILL,275.0,nget,OCKERHILL 275.0kV
503,503,OFFE31,33.0,OFFE,OFFERTON,33.0,nget,OFFERTON 33.0kV
504,504,OFFE21,275.0,OFFE,OFFERTON,275.0,nget,OFFERTON 275.0kV
505,505,OFFE32,33.0,OFFE,OFFERTON,33.0,nget,OFFERTON 33.0kV
506,506,OLDB4A,400.0,OLDB,OLDBURY,400.0,nget,OLDBURY 400.0kV
507,507,OLDB2A,275.0,OLDB,OLDBURY,275.0,nget,OLDBURY 275.0kV
508,508,OLDB21,275.0,OLDB,OLDBURY,275.0,nget,OLDBURY 275.0kV
509,509,OLDB11,132.0,OLDB,OLDBURY,132.0,nget,OLDBURY 132.0kV
510,510,OLDS12,132.0,OLDS,OLDBURY-ON-SEVERN,132.0,nget,OLDBURY-ON-SEVERN 132.0kV
511,511,OSBA41,400.0,OSBA,OSBALDWICK,400.0,nget,OSBALDWICK 400.0kV
512,512,OSBA42,400.0,OSBA,OSBALDWICK,400.0,nget,OSBALDWICK 400.0kV
513,513,OSBA11,132.0,OSBA,OSBALDWICK,132.0,nget,OSBALDWICK 132.0kV
514,514,OBST4A,400.0,OBST,OSBALDWICK TEE,400.0,nget,OSBALDWICK TEE 400.0kV
515,515,OBST4B,400.0,OBST,OSBALDWICK TEE,400.0,nget,OSBALDWICK TEE 400.0kV
516,516,OVER21,275.0,OVER,OVERTON,275.0,nget,OVERTON 275.0kV
517,517,PADI11,132.0,PADI,PADIHAM,132.0,nget,PADIHAM 132.0kV
518,518,PADI41,400.0,PADI,PADIHAM,400.0,nget,PADIHAM 400.0kV
519,519,PAFB4B,400.0,PAFB,PATFORD BRIDGE,400.0,nget,PATFORD BRIDGE 400.0kV
520,520,PAFB4A,400.0,PAFB,PATFORD BRIDGE,400.0,nget,PATFORD BRIDGE 400.0kV
521,521,PELH4A,400.0,PELH,PELHAM,400.0,nget,PELHAM 400.0kV
522,522,PELH11,132.0,PELH,PELHAM,132.0,nget,PELHAM 132.0kV
523,523,PELH4B,400.0,PELH,PELHAM,400.0,nget,PELHAM 400.0kV
524,524,PELH41,400.0,PELH,PELHAM,400.0,nget,PELHAM 400.0kV
525,525,PELH12,132.0,PELH,PELHAM,132.0,nget,PELHAM 132.0kV
526,526,PEMB41,400.0,PEMB,PEMBROKE,400.0,nget,PEMBROKE 400.0kV
527,527,PEMB11,132.0,PEMB,PEMBROKE,132.0,nget,PEMBROKE 132.0kV
528,528,PENI4A,400.0,PENI,PENISARWAUN,400.0,nget,PENISARWAUN 400.0kV
529,529,PENN11,132.0,PENN,PENN,132.0,nget,PENN 132.0kV
530,530,PENN4B,400.0,PENN,PENN,400.0,nget,PENN 400.0kV
531,531,PENN21,275.0,PENN,PENN,275.0,nget,PENN 275.0kV
532,532,PENN4A,400.0,PENN,PENN,400.0,nget,PENN 400.0kV
533,533,PERH11,132.0,PERH,PENRHOS,132.0,nget,PENRHOS 132.0kV
534,534,PENT41,400.0,PENT,PENTIR,400.0,nget,PENTIR 400.0kV
535,535,PENT11,132.0,PENT,PENTIR,132.0,nget,PENTIR 132.0kV
536,536,PENM4B,400.0,PENM,PENTRE-MAWR CABLE COMPOUND,400.0,nget,PENTRE-MAWR CABLE COMPOUND 400.0kV
537,537,PENM4A,400.0,PENM,PENTRE-MAWR CABLE COMPOUND,400.0,nget,PENTRE-MAWR CABLE COMPOUND 400.0kV
538,538,PEWO4B,400.0,PEWO,PENWORTHAM,400.0,nget,PENWORTHAM 400.0kV
539,539,PEWO2D,275.0,PEWO,PENWORTHAM,275.0,nget,PENWORTHAM 275.0kV
540,540,PEWO41,400.0,PEWO,PENWORTHAM,400.0,nget,PENWORTHAM 400.0kV
541,541,PEWO2A,275.0,PEWO,PENWORTHAM,275.0,nget,PENWORTHAM 275.0kV
542,542,PEWO2C,275.0,PEWO,PENWORTHAM,275.0,nget,PENWORTHAM 275.0kV
543,543,PEWO2B,275.0,PEWO,PENWORTHAM,275.0,nget,PENWORTHAM 275.0kV
544,544,PEWO4A,400.0,PEWO,PENWORTHAM,400.0,nget,PENWORTHAM 400.0kV
545,545,PENE11,132.0,PENE,PENWORTHAM EAST,132.0,nget,PENWORTHAM EAST 132.0kV
546,546,PENW11,132.0,PENW,PENWORTHAM WEST,132.0,nget,PENWORTHAM WEST 132.0kV
547,547,PITS31,33.0,PITS,PITSMOOR,33.0,nget,PITSMOOR 33.0kV
548,548,PITS32,33.0,PITS,PITSMOOR,33.0,nget,PITSMOOR 33.0kV
549,549,PITS21,275.0,PITS,PITSMOOR,275.0,nget,PITSMOOR 275.0kV
550,550,POAB41,400.0,POAB,PONT ABRAHAM,400.0,nget,PONT ABRAHAM 400.0kV
551,551,POPP31,33.0,POPP,POPPLETON,33.0,nget,POPPLETON 33.0kV
552,552,POPP21,275.0,POPP,POPPLETON,275.0,nget,POPPLETON 275.0kV
553,553,PORH11,132.0,PORH,PORTHAM,132.0,nget,PORTHAM 132.0kV
554,554,PUDM41,400.0,PUDM,PUDDINGMILL,400.0,nget,PUDDINGMILL 400.0kV
555,555,PYLE11,132.0,PYLE,PYLE,132.0,nget,PYLE 132.0kV
556,556,PYLE21,275.0,PYLE,PYLE,275.0,nget,PYLE 275.0kV
557,557,QUER4A,400.0,QUER,QUERNMOOR TEE,400.0,nget,QUERNMOOR TEE 400.0kV
558,558,QUER4B,400.0,QUER,QUERNMOOR TEE,400.0,nget,QUERNMOOR TEE 400.0kV
559,559,RAIN21,275.0,RAIN,RAINHILL,275.0,nget,RAINHILL 275.0kV
560,560,RAIN11,132.0,RAIN,RAINHILL,132.0,nget,RAINHILL 132.0kV
561,561,RAIN12,132.0,RAIN,RAINHILL,132.0,nget,RAINHILL 132.0kV
562,562,RASS41,400.0,RASS,RASSAU,400.0,nget,RASSAU 400.0kV
563,563,RASS11,132.0,RASS,RASSAU,132.0,nget,RASSAU 132.0kV
564,564,RATS41,400.0,RATS,RATCLIFFE-ON-SOAR,400.0,nget,RATCLIFFE-ON-SOAR 400.0kV
565,565,RATS12,132.0,RATS,RATCLIFFE-ON-SOAR,132.0,nget,RATCLIFFE-ON-SOAR 132.0kV
566,566,RATS11,132.0,RATS,RATCLIFFE-ON-SOAR,132.0,nget,RATCLIFFE-ON-SOAR 132.0kV
567,567,RATS2A,275.0,RATS,RATCLIFFE-ON-SOAR,275.0,nget,RATCLIFFE-ON-SOAR 275.0kV
568,568,RAYL41,400.0,RAYL,RAYLEIGH,400.0,nget,RAYLEIGH 400.0kV
569,569,RAYM11,132.0,RAYM,RAYLEIGH MAIN,132.0,nget,RAYLEIGH MAIN 132.0kV
570,570,REBR31,33.0,REBR,REDBRIDGE,33.0,nget,REDBRIDGE 33.0kV
571,571,REBR32,33.0,REBR,REDBRIDGE,33.0,nget,REDBRIDGE 33.0kV
572,572,REBR22,275.0,REBR,REDBRIDGE,275.0,nget,REDBRIDGE 275.0kV
573,573,REBR21,275.0,REBR,REDBRIDGE,275.0,nget,REDBRIDGE 275.0kV
574,574,RHIG41,400.0,RHIG,RHIGOS,400.0,nget,RHIGOS 400.0kV
575,575,RICH11,132.0,RICH,RICHBOROUGH,132.0,nget,RICHBOROUGH 132.0kV
576,576,RICH41,400.0,RICH,RICHBOROUGH,400.0,nget,RICHBOROUGH 400.0kV
577,577,ROCH12,132.0,ROCH,ROCHDALE,132.0,nget,ROCHDALE 132.0kV
578,578,ROCH21,275.0,ROCH,ROCHDALE,275.0,nget,ROCHDALE 275.0kV
579,579,ROCH4A,400.0,ROCH,ROCHDALE,400.0,nget,ROCHDALE 400.0kV
580,580,ROCH11,132.0,ROCH,ROCHDALE,132.0,nget,ROCHDALE 132.0kV
581,581,ROCK41,400.0,ROCK,ROCKSAVAGE,400.0,nget,ROCKSAVAGE 400.0kV
582,582,ROCK1A,132.0,ROCK,ROCKSAVAGE,132.0,nget,ROCKSAVAGE 132.0kV
583,583,ROWD4B,400.0,ROWD,ROWDOWN,400.0,nget,ROWDOWN 400.0kV
584,584,ROWD42,400.0,ROWD,ROWDOWN,400.0,nget,ROWDOWN 400.0kV
585,585,ROWD41,400.0,ROWD,ROWDOWN,400.0,nget,ROWDOWN 400.0kV
586,586,ROWD4A,400.0,ROWD,ROWDOWN,400.0,nget,ROWDOWN 400.0kV
587,587,RUGE41,400.0,RUGE,RUGELEY,400.0,nget,RUGELEY 400.0kV
588,588,RUGE11,132.0,RUGE,RUGELEY,132.0,nget,RUGELEY 132.0kV
589,589,RYEH11,132.0,RYEH,RYE HOUSE,132.0,nget,RYE HOUSE 132.0kV
590,590,RYEH4A,400.0,RYEH,RYE HOUSE,400.0,nget,RYE HOUSE 400.0kV
591,591,RYEH4B,400.0,RYEH,RYE HOUSE,400.0,nget,RYE HOUSE 400.0kV
592,592,RYEH12,132.0,RYEH,RYE HOUSE,132.0,nget,RYE HOUSE 132.0kV
593,593,RYEH13,132.0,RYEH,RYE HOUSE,132.0,nget,RYE HOUSE 132.0kV
594,594,RYEH43,400.0,RYEH,RYE HOUSE,400.0,nget,RYE HOUSE 400.0kV
595,595,RYEH42,400.0,RYEH,RYE HOUSE,400.0,nget,RYE HOUSE 400.0kV
596,596,RYEH41,400.0,RYEH,RYE HOUSE,400.0,nget,RYE HOUSE 400.0kV
597,597,RYHA4A,400.0,RYHA,RYHALL,400.0,nget,RYHALL 400.0kV
598,598,RYHA4B,400.0,RYHA,RYHALL,400.0,nget,RYHALL 400.0kV
599,599,SAEN21,275.0,SAEN,SALTEND NORTH,275.0,nget,SALTEND NORTH 275.0kV
600,600,SAEN11,132.0,SAEN,SALTEND NORTH,132.0,nget,SALTEND NORTH 132.0kV
601,601,SAES21,275.0,SAES,SALTEND SOUTH,275.0,nget,SALTEND SOUTH 275.0kV
602,602,SALH21,275.0,SALH,SALTHOLME,275.0,nget,SALTHOLME 275.0kV
603,603,SALH42,400.0,SALH,SALTHOLME,400.0,nget,SALTHOLME 400.0kV
604,604,SALH11,132.0,SALH,SALTHOLME,132.0,nget,SALTHOLME 132.0kV
605,605,SALH41,400.0,SALH,SALTHOLME,400.0,nget,SALTHOLME 400.0kV
606,606,SAFO11,132.0,SAFO,SANDFORD,132.0,nget,SANDFORD 132.0kV
607,607,SAFO41,400.0,SAFO,SANDFORD,400.0,nget,SANDFORD 400.0kV
608,608,SEAB41,400.0,SEAB,SEABANK,400.0,nget,SEABANK 400.0kV
609,609,SEAB11,132.0,SEAB,SEABANK,132.0,nget,SEABANK 132.0kV
610,610,SEAB4A,400.0,SEAB,SEABANK,400.0,nget,SEABANK 400.0kV
611,611,SELL4D,400.0,SELL,SELLINDGE,400.0,nget,SELLINDGE 400.0kV
612,612,SELL4A,400.0,SELL,SELLINDGE,400.0,nget,SELLINDGE 400.0kV
613,613,SELL4B,400.0,SELL,SELLINDGE,400.0,nget,SELLINDGE 400.0kV
614,614,SELL4E,400.0,SELL,SELLINDGE,400.0,nget,SELLINDGE 400.0kV
615,615,SELL12,132.0,SELL,SELLINDGE,132.0,nget,SELLINDGE 132.0kV
616,616,SELL4F,400.0,SELL,SELLINDGE,400.0,nget,SELLINDGE 400.0kV
617,617,SELL13,132.0,SELL,SELLINDGE,132.0,nget,SELLINDGE 132.0kV
618,618,SELL4C,400.0,SELL,SELLINDGE,400.0,nget,SELLINDGE 400.0kV
619,619,SELL11,132.0,SELL,SELLINDGE,132.0,nget,SELLINDGE 132.0kV
620,620,SHEE11,132.0,SHEE,SHEERNESS,132.0,nget,SHEERNESS 132.0kV
621,621,SHEC31,33.0,SHEC,SHEFFIELD CITY,33.0,nget,SHEFFIELD CITY 33.0kV
622,622,SHEC21,275.0,SHEC,SHEFFIELD CITY,275.0,nget,SHEFFIELD CITY 275.0kV
623,623,SHRE4A,400.0,SHRE,SHREWSBURY,400.0,nget,SHREWSBURY 400.0kV
624,624,SHRE11,132.0,SHRE,SHREWSBURY,132.0,nget,SHREWSBURY 132.0kV
625,625,SHRE4B,400.0,SHRE,SHREWSBURY,400.0,nget,SHREWSBURY 400.0kV
626,626,SHUR41,400.0,SHUR,SHURTON,400.0,nget,SHURTON 400.0kV
627,627,SING41,400.0,SING,SINGLEWELL,400.0,nget,SINGLEWELL 400.0kV
628,628,SIZE1B,132.0,SIZE,SIZEWELL,132.0,nget,SIZEWELL 132.0kV
629,629,SIZE1A,132.0,SIZE,SIZEWELL,132.0,nget,SIZEWELL 132.0kV
630,630,SIZE12,132.0,SIZE,SIZEWELL,132.0,nget,SIZEWELL 132.0kV
631,631,SIZE41,400.0,SIZE,SIZEWELL,400.0,nget,SIZEWELL 400.0kV
632,632,SIZE11,132.0,SIZE,SIZEWELL,132.0,nget,SIZEWELL 132.0kV
633,633,SKLG11,132.0,SKLG,SKELTON GRANGE,132.0,nget,SKELTON GRANGE 132.0kV
634,634,SKLG21,275.0,SKLG,SKELTON GRANGE,275.0,nget,SKELTON GRANGE 275.0kV
635,635,SHBA41,400.0,SHBA,SOUTH HUMBER BANK,400.0,nget,SOUTH HUMBER BANK 400.0kV
636,636,SMAN11,132.0,SMAN,SOUTH MANCHESTER,132.0,nget,SOUTH MANCHESTER 132.0kV
637,637,SMAN12,132.0,SMAN,SOUTH MANCHESTER,132.0,nget,SOUTH MANCHESTER 132.0kV
638,638,SMAN21,275.0,SMAN,SOUTH MANCHESTER,275.0,nget,SOUTH MANCHESTER 275.0kV
639,639,SSHI31,33.0,SSHI,SOUTH SHIELDS,33.0,nget,SOUTH SHIELDS 33.0kV
640,640,SSHI22,275.0,SSHI,SOUTHSHIELDS,275.0,nget,SOUTHSHIELDS 275.0kV
641,641,SSHI21,275.0,SSHI,SOUTHSHIELDS,275.0,nget,SOUTHSHIELDS 275.0kV
642,642,SPLN41,400.0,SPLN,SPALDING NORTH,400.0,nget,SPALDING NORTH 400.0kV
643,643,SPEN42,400.0,SPEN,SPENNYMOOR,400.0,nget,SPENNYMOOR 400.0kV
644,644,SPEN11,132.0,SPEN,SPENNYMOOR,132.0,nget,SPENNYMOOR 132.0kV
645,645,SPEN41,400.0,SPEN,SPENNYMOOR,400.0,nget,SPENNYMOOR 400.0kV
646,646,SASA11,132.0,SASA,ST ASAPHS,132.0,nget,ST ASAPHS 132.0kV
647,647,SJOW21,275.0,SJOW,ST.JOHNS WOOD,275.0,nget,ST.JOHNS WOOD 275.0kV
648,648,SJOW12,132.0,SJOW,ST.JOHNS WOOD,132.0,nget,ST.JOHNS WOOD 132.0kV
649,649,SJOW11,132.0,SJOW,ST.JOHNS WOOD,132.0,nget,ST.JOHNS WOOD 132.0kV
650,650,SJOW41,400.0,SJOW,ST.JOHNS WOOD,400.0,nget,ST.JOHNS WOOD 400.0kV
651,651,SJOW13,132.0,SJOW,ST.JOHNS WOOD,132.0,nget,ST.JOHNS WOOD 132.0kV
652,652,STAL11,132.0,STAL,STALYBRIDGE,132.0,nget,STALYBRIDGE 132.0kV
653,653,STAL4B,400.0,STAL,STALYBRIDGE,400.0,nget,STALYBRIDGE 400.0kV
654,654,STAL4A,400.0,STAL,STALYBRIDGE,400.0,nget,STALYBRIDGE 400.0kV
655,655,STAL21,275.0,STAL,STALYBRIDGE,275.0,nget,STALYBRIDGE 275.0kV
656,656,STAH4B,400.0,STAH,STANAH,400.0,nget,STANAH 400.0kV
657,657,STAH4A,400.0,STAH,STANAH,400.0,nget,STANAH 400.0kV
658,658,STAH11,132.0,STAH,STANAH,132.0,nget,STANAH 132.0kV
659,659,STAY41,400.0,STAY,STAYTHORPE,400.0,nget,STAYTHORPE 400.0kV
660,660,STAY4A,400.0,STAY,STAYTHORPE,400.0,nget,STAYTHORPE 400.0kV
661,661,STYC11,132.0,STYC,STAYTHORPE C,132.0,nget,STAYTHORPE C 132.0kV
662,662,STYC12,132.0,STYC,STAYTHORPE C,132.0,nget,STAYTHORPE C 132.0kV
663,663,STEN11,132.0,STEN,STELLA NORTH,132.0,nget,STELLA NORTH 132.0kV
664,664,STES11,132.0,STES,STELLA SOUTH,132.0,nget,STELLA SOUTH 132.0kV
665,665,STEW41,400.0,STEW,STELLA WEST,400.0,nget,STELLA WEST 400.0kV
666,666,STEW21,275.0,STEW,STELLA WEST,275.0,nget,STELLA WEST 275.0kV
667,667,STSB4A,400.0,STSB,STOCKSBRIDGE,400.0,nget,STOCKSBRIDGE 400.0kV
668,668,STSB4B,400.0,STSB,STOCKSBRIDGE,400.0,nget,STOCKSBRIDGE 400.0kV
669,669,STOB11,132.0,STOB,STOKE BARDOLPH,132.0,nget,STOKE BARDOLPH 132.0kV
670,670,STOB41,400.0,STOB,STOKE BARDOLPH,400.0,nget,STOKE BARDOLPH 400.0kV
671,671,SUND11,132.0,SUND,SUNDON,132.0,nget,SUNDON 132.0kV
672,672,SUND42,400.0,SUND,SUNDON,400.0,nget,SUNDON 400.0kV
673,673,SUND31,33.0,SUND,SUNDON,33.0,nget,SUNDON 33.0kV
674,674,SUND41,400.0,SUND,SUNDON,400.0,nget,SUNDON 400.0kV
675,675,SWAN41,400.0,SWAN,SWANSEA NORTH,400.0,nget,SWANSEA NORTH 400.0kV
676,676,SWAN22,275.0,SWAN,SWANSEA NORTH,275.0,nget,SWANSEA NORTH 275.0kV
677,677,SWAN4A,400.0,SWAN,SWANSEA NORTH,400.0,nget,SWANSEA NORTH 400.0kV
678,678,SWAN4B,400.0,SWAN,SWANSEA NORTH,400.0,nget,SWANSEA NORTH 400.0kV
679,679,SWAN42,400.0,SWAN,SWANSEA NORTH,400.0,nget,SWANSEA NORTH 400.0kV
680,680,SWAN21,275.0,SWAN,SWANSEA NORTH,275.0,nget,SWANSEA NORTH 275.0kV
681,681,SWAN11,132.0,SWAN,SWANSEA NORTH,132.0,nget,SWANSEA NORTH 132.0kV
682,682,SWAN12,132.0,SWAN,SWANSEA NORTH,132.0,nget,SWANSEA NORTH 132.0kV
683,683,TADT2B,275.0,TADT,TADCASTER TEE,275.0,nget,TADCASTER TEE 275.0kV
684,684,TADT2A,275.0,TADT,TADCASTER TEE,275.0,nget,TADCASTER TEE 275.0kV
685,685,TAUN11,132.0,TAUN,TAUNTON,132.0,nget,TAUNTON 132.0kV
686,686,TAUN42,400.0,TAUN,TAUNTON,400.0,nget,TAUNTON 400.0kV
687,687,TAUN41,400.0,TAUN,TAUNTON,400.0,nget,TAUNTON 400.0kV
688,688,TEMP22,275.0,TEMP,TEMPLEBOROUGH,275.0,nget,TEMPLEBOROUGH 275.0kV
689,689,TEMP31,33.0,TEMP,TEMPLEBOROUGH,33.0,nget,TEMPLEBOROUGH 33.0kV
690,690,TEMP21,275.0,TEMP,TEMPLEBOROUGH,275.0,nget,TEMPLEBOROUGH 275.0kV
691,691,THTO41,400.0,THTO,THORNTON,400.0,nget,THORNTON 400.0kV
692,692,THTO42,400.0,THTO,THORNTON,400.0,nget,THORNTON 400.0kV
693,693,THTO43,400.0,THTO,THORNTON,400.0,nget,THORNTON 400.0kV
694,694,THTO44,400.0,THTO,THORNTON,400.0,nget,THORNTON 400.0kV
695,695,THOM2A,275.0,THOM,THORPE MARSH,275.0,nget,THORPE MARSH 275.0kV
696,696,THOM41,400.0,THOM,THORPE MARSH,400.0,nget,THORPE MARSH 400.0kV
697,697,THOM21,275.0,THOM,THORPE MARSH,275.0,nget,THORPE MARSH 275.0kV
698,698,THOM42,400.0,THOM,THORPE MARSH,400.0,nget,THORPE MARSH 400.0kV
699,699,THOM61,66.0,THOM,THORPE MARSH,66.0,nget,THORPE MARSH 66.0kV
700,700,THUR2A,275.0,THUR,THURCROFT,275.0,nget,THURCROFT 275.0kV
701,701,THUR61,66.0,THUR,THURCROFT,66.0,nget,THURCROFT 66.0kV
702,702,THUR21,275.0,THUR,THURCROFT,275.0,nget,THURCROFT 275.0kV
703,703,TILB14,132.0,TILB,TILBURY,132.0,nget,TILBURY 132.0kV
704,704,TILB21,275.0,TILB,TILBURY,275.0,nget,TILBURY 275.0kV
705,705,TILB43,400.0,TILB,TILBURY,400.0,nget,TILBURY 400.0kV
706,706,TILB4B,400.0,TILB,TILBURY,400.0,nget,TILBURY 400.0kV
707,707,TILB13,132.0,TILB,TILBURY,132.0,nget,TILBURY 132.0kV
708,708,TILB41,400.0,TILB,TILBURY,400.0,nget,TILBURY 400.0kV
709,709,TILB11,132.0,TILB,TILBURY,132.0,nget,TILBURY 132.0kV
710,710,TILB4A,400.0,TILB,TILBURY,400.0,nget,TILBURY 400.0kV
711,711,TILB12,132.0,TILB,TILBURY,132.0,nget,TILBURY 132.0kV
712,712,TILB44,400.0,TILB,TILBURY,400.0,nget,TILBURY 400.0kV
713,713,TILB42,400.0,TILB,TILBURY,400.0,nget,TILBURY 400.0kV
714,714,TINP32,33.0,TINP,TINSLEY PARK,33.0,nget,TINSLEY PARK 33.0kV
715,715,TINP22,275.0,TINP,TINSLEY PARK,275.0,nget,TINSLEY PARK 275.0kV
716,716,TINP31,33.0,TINP,TINSLEY PARK,33.0,nget,TINSLEY PARK 33.0kV
717,717,TINP21,275.0,TINP,TINSLEY PARK,275.0,nget,TINSLEY PARK 275.0kV
718,718,TODP21,275.0,TODP,TOD POINT,275.0,nget,TOD POINT 275.0kV
719,719,TODP61,66.0,TODP,TOD POINT,66.0,nget,TOD POINT 66.0kV
720,720,TOTT2A,275.0,TOTT,TOTTENHAM,275.0,nget,TOTTENHAM 275.0kV
721,721,TOTT23,275.0,TOTT,TOTTENHAM,275.0,nget,TOTTENHAM 275.0kV
722,722,TOTT2B,275.0,TOTT,TOTTENHAM,275.0,nget,TOTTENHAM 275.0kV
723,723,TOTT24,275.0,TOTT,TOTTENHAM,275.0,nget,TOTTENHAM 275.0kV
724,724,TOTT21,275.0,TOTT,TOTTENHAM,275.0,nget,TOTTENHAM 275.0kV
725,725,TOTT12,132.0,TOTT,TOTTENHAM,132.0,nget,TOTTENHAM 132.0kV
726,726,TOTT11,132.0,TOTT,TOTTENHAM,132.0,nget,TOTTENHAM 132.0kV
727,727,TOTT22,275.0,TOTT,TOTTENHAM,275.0,nget,TOTTENHAM 275.0kV
728,728,TRAW11,132.0,TRAW,TRAWSFYNYDD,132.0,nget,TRAWSFYNYDD 132.0kV
729,729,TRAW41,400.0,TRAW,TRAWSFYNYDD,400.0,nget,TRAWSFYNYDD 400.0kV
730,730,TRAW21,275.0,TRAW,TRAWSFYNYDD,275.0,nget,TRAWSFYNYDD 275.0kV
731,731,TREM21,275.0,TREM,TREMORFA,275.0,nget,TREMORFA 275.0kV
732,732,TREM31,33.0,TREM,TREMORFA,33.0,nget,TREMORFA 33.0kV
733,733,TREU4B,400.0,TREU,TREUDDYN TEE,400.0,nget,TREUDDYN TEE 400.0kV
734,734,TREU4A,400.0,TREU,TREUDDYN TEE,400.0,nget,TREUDDYN TEE 400.0kV
735,735,TWIN4A ,400.0,TWIN,TWINSTEAD,400.0,nget,TWINSTEAD 400.0kV
736,736,TWIN11,132.0,TWIN,TWINSTEAD,132.0,nget,TWINSTEAD 132.0kV
737,737,TWIN4B ,400.0,TWIN,TWINSTEAD,400.0,nget,TWINSTEAD 400.0kV
738,738,TWIN4A,400.0,TWIN,TWINSTEAD,400.0,nget,TWINSTEAD 400.0kV
739,739,TYNE11,132.0,TYNE,TYNEMOUTH,132.0,nget,TYNEMOUTH 132.0kV
740,740,TYNE21,275.0,TYNE,TYNEMOUTH,275.0,nget,TYNEMOUTH 275.0kV
741,741,TYNE2A,275.0,TYNE,TYNEMOUTH,275.0,nget,TYNEMOUTH 275.0kV
742,742,TYNE51,11.0,TYNE,TYNEMOUTH,11.0,nget,TYNEMOUTH 11.0kV
743,743,UPPB21,275.0,UPPB,UPPER BOAT,275.0,nget,UPPER BOAT 275.0kV
744,744,UPPB11,132.0,UPPB,UPPER BOAT,132.0,nget,UPPER BOAT 132.0kV
745,745,UPPB31,33.0,UPPB,UPPER BOAT,33.0,nget,UPPER BOAT 33.0kV
746,746,UPPB22,275.0,UPPB,UPPER BOAT,275.0,nget,UPPER BOAT 275.0kV
747,747,USKM21,275.0,USKM,USKMOUTH,275.0,nget,USKMOUTH 275.0kV
748,748,USKM2A,275.0,USKM,USKMOUTH,275.0,nget,USKMOUTH 275.0kV
749,749,USKM2B,275.0,USKM,USKMOUTH,275.0,nget,USKMOUTH 275.0kV
750,750,USKM12,132.0,USKM,USKMOUTH,132.0,nget,USKMOUTH 132.0kV
751,751,USKM11,132.0,USKM,USKMOUTH,132.0,nget,USKMOUTH 132.0kV
752,752,WALH41,400.0,WALH,WALHAM,400.0,nget,WALHAM 400.0kV
753,753,WALP11,132.0,WALP,WALPOLE,132.0,nget,WALPOLE 132.0kV
754,754,WALP41,400.0,WALP,WALPOLE,400.0,nget,WALPOLE 400.0kV
755,755,WALX41,400.0,WALX,WALTHAM CROSS,400.0,nget,WALTHAM CROSS 400.0kV
756,756,WALX4B,400.0,WALX,WALTHAM CROSS,400.0,nget,WALTHAM CROSS 400.0kV
757,757,WALX2B,275.0,WALX,WALTHAM CROSS,275.0,nget,WALTHAM CROSS 275.0kV
758,758,WALX2A,275.0,WALX,WALTHAM CROSS,275.0,nget,WALTHAM CROSS 275.0kV
759,759,WALX22,275.0,WALX,WALTHAM CROSS,275.0,nget,WALTHAM CROSS 275.0kV
760,760,WALX21,275.0,WALX,WALTHAM CROSS,275.0,nget,WALTHAM CROSS 275.0kV
761,761,WALX4A,400.0,WALX,WALTHAM CROSS,400.0,nget,WALTHAM CROSS 400.0kV
762,762,WARL11,132.0,WARL,WARLEY,132.0,nget,WARLEY 132.0kV
763,763,WARL21,275.0,WARL,WARLEY,275.0,nget,WARLEY 275.0kV
764,764,WASF2A,275.0,WASF,WASHWAY FARM,275.0,nget,WASHWAY FARM 275.0kV
765,765,WASF1B,132.0,WASF,WASHWAY FARM,132.0,nget,WASHWAY FARM 132.0kV
766,766,WASF2B,275.0,WASF,WASHWAY FARM,275.0,nget,WASHWAY FARM 275.0kV
767,767,WASF1A,132.0,WASF,WASHWAY FARM,132.0,nget,WASHWAY FARM 132.0kV
768,768,WATS11,132.0,WATS,WATFORD SOUTH,132.0,nget,WATFORD SOUTH 132.0kV
769,769,WATS22,275.0,WATS,WATFORD SOUTH,275.0,nget,WATFORD SOUTH 275.0kV
770,770,WATS21,275.0,WATS,WATFORD SOUTH,275.0,nget,WATFORD SOUTH 275.0kV
771,771,WATS12,132.0,WATS,WATFORD SOUTH,132.0,nget,WATFORD SOUTH 132.0kV
772,772,WEAV71,25.0,WEAV,WEAVER JUNCTION,25.0,nget,WEAVER JUNCTION 25.0kV
773,773,WBOL61,66.0,WBOL,WEST BOLDON,66.0,nget,WEST BOLDON 66.0kV
774,774,WBOL21,275.0,WBOL,WEST BOLDON,275.0,nget,WEST BOLDON 275.0kV
775,775,WBUR42,400.0,WBUR,WEST BURTON,400.0,nget,WEST BURTON 400.0kV
776,776,WBUR11,132.0,WBUR,WEST BURTON,132.0,nget,WEST BURTON 132.0kV
777,777,WBUR12,132.0,WBUR,WEST BURTON,132.0,nget,WEST BURTON 132.0kV
778,778,WBUR41,400.0,WBUR,WEST BURTON,400.0,nget,WEST BURTON 400.0kV
779,779,WMEL11,132.0,WMEL,WEST MELTON,132.0,nget,WEST MELTON 132.0kV
780,780,WMEL21,275.0,WMEL,WEST MELTON,275.0,nget,WEST MELTON 275.0kV
781,781,WMEL12,132.0,WMEL,WEST MELTON,132.0,nget,WEST MELTON 132.0kV
782,782,WTHU4A,400.0,WTHU,WEST THURROCK,400.0,nget,WEST THURROCK 400.0kV
783,783,WTHU4C,400.0,WTHU,WEST THURROCK,400.0,nget,WEST THURROCK 400.0kV
784,784,WTHU4E,400.0,WTHU,WEST THURROCK,400.0,nget,WEST THURROCK 400.0kV
785,785,WTHU4D,400.0,WTHU,WEST THURROCK,400.0,nget,WEST THURROCK 400.0kV
786,786,WTHU4B,400.0,WTHU,WEST THURROCK,400.0,nget,WEST THURROCK 400.0kV
787,787,WTHU31,33.0,WTHU,WEST THURROCK,33.0,nget,WEST THURROCK 33.0kV
788,788,WTHU4F,400.0,WTHU,WEST THURROCK,400.0,nget,WEST THURROCK 400.0kV
789,789,WWEY22,275.0,WWEY,WEST WEYBRIDGE,275.0,nget,WEST WEYBRIDGE 275.0kV
790,790,WWEY4B,400.0,WWEY,WEST WEYBRIDGE,400.0,nget,WEST WEYBRIDGE 400.0kV
791,791,WWEY21,275.0,WWEY,WEST WEYBRIDGE,275.0,nget,WEST WEYBRIDGE 275.0kV
792,792,WWEY4A,400.0,WWEY,WEST WEYBRIDGE,400.0,nget,WEST WEYBRIDGE 400.0kV
793,793,WWEY12,132.0,WWEY,WEST WEYBRIDGE,132.0,nget,WEST WEYBRIDGE 132.0kV
794,794,WWEY2A,275.0,WWEY,WEST WEYBRIDGE,275.0,nget,WEST WEYBRIDGE 275.0kV
795,795,WWEY11,132.0,WWEY,WEST WEYBRIDGE,132.0,nget,WEST WEYBRIDGE 132.0kV
796,796,WHAM41,400.0,WHAM,WESTHAM,400.0,nget,WESTHAM 400.0kV
797,797,WHAM11,132.0,WHAM,WESTHAM,132.0,nget,WESTHAM 132.0kV
798,798,WHAM4B,400.0,WHAM,WESTHAM,400.0,nget,WESTHAM 400.0kV
799,799,WHAM12,132.0,WHAM,WESTHAM,132.0,nget,WESTHAM 132.0kV
800,800,WHAM4A,400.0,WHAM,WESTHAM,400.0,nget,WESTHAM 400.0kV
801,801,WEMA41,400.0,WEMA,WESTON MARSH,400.0,nget,WESTON MARSH 400.0kV
802,802,WEMA4A,400.0,WEMA,WESTON MARSH,400.0,nget,WESTON MARSH 400.0kV
803,803,WHGA21,275.0,WHGA,WHITEGATE,275.0,nget,WHITEGATE 275.0kV
804,804,WHGA11,132.0,WHGA,WHITEGATE,132.0,nget,WHITEGATE 132.0kV
805,805,WHSO2B,275.0,WHSO,WHITSON,275.0,nget,WHITSON 275.0kV
806,806,WHSO4A,400.0,WHSO,WHITSON,400.0,nget,WHITSON 400.0kV
807,807,WHSO41,400.0,WHSO,WHITSON,400.0,nget,WHITSON 400.0kV
808,808,WHSO2A,275.0,WHSO,WHITSON,275.0,nget,WHITSON 275.0kV
809,809,WHSO32,33.0,WHSO,WHITSON,33.0,nget,WHITSON 33.0kV
810,810,WHSO31,33.0,WHSO,WHITSON,33.0,nget,WHITSON 33.0kV
811,811,WHSO21,275.0,WHSO,WHITSON,275.0,nget,WHITSON 275.0kV
812,812,WHSO22,275.0,WHSO,WHITSON,275.0,nget,WHITSON 275.0kV
813,813,WIEN2B,275.0,WIEN,WILLENHALL,275.0,nget,WILLENHALL 275.0kV
814,814,WIEN11,132.0,WIEN,WILLENHALL,132.0,nget,WILLENHALL 132.0kV
815,815,WIEN2A,275.0,WIEN,WILLENHALL,275.0,nget,WILLENHALL 275.0kV
816,816,WISD21,275.0,WISD,WILLESDEN,275.0,nget,WILLESDEN 275.0kV
817,817,WISD41,400.0,WISD,WILLESDEN,400.0,nget,WILLESDEN 400.0kV
818,818,WISD42,400.0,WISD,WILLESDEN,400.0,nget,WILLESDEN 400.0kV
819,819,WISD11,132.0,WISD,WILLESDEN,132.0,nget,WILLESDEN 132.0kV
820,820,WISD61,66.0,WISD,WILLESDEN,66.0,nget,WILLESDEN 66.0kV
821,821,WISD2A,275.0,WISD,WILLESDEN,275.0,nget,WILLESDEN 275.0kV
822,822,WILL21,275.0,WILL,WILLINGTON,275.0,nget,WILLINGTON 275.0kV
823,823,WILL12,132.0,WILL,WILLINGTON,132.0,nget,WILLINGTON 132.0kV
824,824,WILL11,132.0,WILL,WILLINGTON,132.0,nget,WILLINGTON 132.0kV
825,825,WILE41,400.0,WILE,WILLINGTON EAST,400.0,nget,WILLINGTON EAST 400.0kV
826,826,WILT2C,275.0,WILT,WILTON,275.0,nget,WILTON 275.0kV
827,827,WILT2B,275.0,WILT,WILTON,275.0,nget,WILTON 275.0kV
828,828,WILT2D,275.0,WILT,WILTON,275.0,nget,WILTON 275.0kV
829,829,WILT2A,275.0,WILT,WILTON,275.0,nget,WILTON 275.0kV
830,830,WIMB41,400.0,WIMB,WIMBLEDON,400.0,nget,WIMBLEDON 400.0kV
831,831,WIMB12,132.0,WIMB,WIMBLEDON,132.0,nget,WIMBLEDON 132.0kV
832,832,WIMB11,132.0,WIMB,WIMBLEDON,132.0,nget,WIMBLEDON 132.0kV
833,833,WIMB2A,275.0,WIMB,WIMBLEDON,275.0,nget,WIMBLEDON 275.0kV
834,834,WIMB21,275.0,WIMB,WIMBLEDON,275.0,nget,WIMBLEDON 275.0kV
835,835,WIBA31,33.0,WIBA,WINCOBANK,33.0,nget,WINCOBANK 33.0kV
836,836,WIBA21,275.0,WIBA,WINCOBANK,275.0,nget,WINCOBANK 275.0kV
837,837,WYLF41,400.0,WYLF,WYLFA,400.0,nget,WYLFA 400.0kV
838,838,WYLF11,132.0,WYLF,WYLFA,132.0,nget,WYLFA 132.0kV
839,839,WYMO11,132.0,WYMO,WYMONDLEY,132.0,nget,WYMONDLEY 132.0kV
840,840,WYMO41,400.0,WYMO,WYMONDLEY,400.0,nget,WYMONDLEY 400.0kV
841,841,YORK4A,400.0,YORK,YORK NORTH,400.0,nget,YORK NORTH 400.0kV
842,842,YORK4B,400.0,YORK,YORK NORTH,400.0,nget,YORK NORTH 400.0kV
